dataset,station_id,station_name,province,model,H_star_skill,H_star_evento,H_star_fidelidad,H_star_skill_censored,H_star_evento_censored,H_star_fidelidad_censored,min_n_exceedances_est,n_horizons_available
e1_rr_08019004_10_M,08019004_10_M,Barcelona El Poblenou,Barcelona,hgb_direct,7,,0,True,False,False,12.0,7
e1_rr_08019004_10_M,08019004_10_M,Barcelona El Poblenou,Barcelona,ridge_direct,7,,0,True,False,False,12.0,7
e1_rr_08019004_10_M,08019004_10_M,Barcelona El Poblenou,Barcelona,sarima,7,,1,True,False,False,1.0,7
e1_rr_08019004_10_M,08019004_10_M,Barcelona El Poblenou,Barcelona,seasonal_naive,0,,7,False,False,True,12.0,7
e1_rr_08019004_10_M,08019004_10_M,Barcelona El Poblenou,Barcelona,stl_ridge_direct,0,,7,False,False,True,12.0,7
e1_rr_08019028_10_M,08019028_10_M,Barcelona Pl. Universitat,Barcelona,hgb_direct,7,0.0,0,True,False,False,29.0,7
e1_rr_08019028_10_M,08019028_10_M,Barcelona Pl. Universitat,Barcelona,ridge_direct,7,0.0,0,True,False,False,29.0,7
e1_rr_08019028_10_M,08019028_10_M,Barcelona Pl. Universitat,Barcelona,sarima,7,,1,True,False,False,3.0,7
e1_rr_08019028_10_M,08019028_10_M,Barcelona Pl. Universitat,Barcelona,seasonal_naive,0,0.0,7,False,False,True,29.0,7
e1_rr_08019028_10_M,08019028_10_M,Barcelona Pl. Universitat,Barcelona,stl_ridge_direct,0,0.0,7,False,False,True,29.0,7
e1_rr_08019043_10_M,08019043_10_M,Barcelona L'Eixample,Barcelona,hgb_direct,7,,0,True,False,False,10.0,7
e1_rr_08019043_10_M,08019043_10_M,Barcelona L'Eixample,Barcelona,ridge_direct,7,,0,True,False,False,10.0,7
e1_rr_08019043_10_M,08019043_10_M,Barcelona L'Eixample,Barcelona,sarima,7,,1,True,False,False,1.0,7
e1_rr_08019043_10_M,08019043_10_M,Barcelona L'Eixample,Barcelona,seasonal_naive,0,,7,False,False,True,10.0,7
e1_rr_08019043_10_M,08019043_10_M,Barcelona L'Eixample,Barcelona,stl_ridge_direct,0,,7,False,False,True,10.0,7
e1_rr_08019045_10_M,08019045_10_M,Barcelona Zona Universitaria,Barcelona,hgb_direct,7,,0,True,False,False,14.0,7
e1_rr_08019045_10_M,08019045_10_M,Barcelona Zona Universitaria,Barcelona,ridge_direct,7,,0,True,False,False,14.0,7
e1_rr_08019045_10_M,08019045_10_M,Barcelona Zona Universitaria,Barcelona,sarima,7,,1,True,False,False,1.0,7
e1_rr_08019045_10_M,08019045_10_M,Barcelona Zona Universitaria,Barcelona,seasonal_naive,0,,7,False,False,True,14.0,7
e1_rr_08019045_10_M,08019045_10_M,Barcelona Zona Universitaria,Barcelona,stl_ridge_direct,0,,7,False,False,True,14.0,7
e1_rr_08019052_10_M,08019052_10_M,Barcelona El Port Vell,Barcelona,hgb_direct,7,0.0,0,True,False,False,27.0,7
e1_rr_08019052_10_M,08019052_10_M,Barcelona El Port Vell,Barcelona,ridge_direct,7,0.0,0,True,False,False,27.0,7
e1_rr_08019052_10_M,08019052_10_M,Barcelona El Port Vell,Barcelona,sarima,7,,1,True,False,False,0.0,7
e1_rr_08019052_10_M,08019052_10_M,Barcelona El Port Vell,Barcelona,seasonal_naive,0,0.0,7,False,False,True,27.0,7
e1_rr_08019052_10_M,08019052_10_M,Barcelona El Port Vell,Barcelona,stl_ridge_direct,0,0.0,7,False,False,True,27.0,7
e1_rr_08019054_10_M,08019054_10_M,Barcelona Vall d'Hebron,Barcelona,hgb_direct,7,,0,True,False,False,11.0,7
e1_rr_08019054_10_M,08019054_10_M,Barcelona Vall d'Hebron,Barcelona,ridge_direct,7,,1,True,False,False,11.0,7
e1_rr_08019054_10_M,08019054_10_M,Barcelona Vall d'Hebron,Barcelona,sarima,7,,1,True,False,False,0.0,7
e1_rr_08019054_10_M,08019054_10_M,Barcelona Vall d'Hebron,Barcelona,seasonal_naive,0,,7,False,False,True,11.0,7
e1_rr_08019054_10_M,08019054_10_M,Barcelona Vall d'Hebron,Barcelona,stl_ridge_direct,0,,7,False,False,True,11.0,7
e1_rr_08263007_10_M,08263007_10_M,Sant Vicenc dels Horts Alaba,Barcelona,hgb_direct,7,,0,True,False,False,18.0,7
e1_rr_08263007_10_M,08263007_10_M,Sant Vicenc dels Horts Alaba,Barcelona,ridge_direct,7,,0,True,False,False,18.0,7
e1_rr_08263007_10_M,08263007_10_M,Sant Vicenc dels Horts Alaba,Barcelona,sarima,7,,0,True,False,False,0.0,7
e1_rr_08263007_10_M,08263007_10_M,Sant Vicenc dels Horts Alaba,Barcelona,seasonal_naive,0,,7,False,False,True,18.0,7
e1_rr_08263007_10_M,08263007_10_M,Sant Vicenc dels Horts Alaba,Barcelona,stl_ridge_direct,0,,7,False,False,True,18.0,7
e1_rr_22125001_10_M,22125001_10_M,Huesca,Huesca,hgb_direct,7,,1,True,False,False,6.0,7
e1_rr_22125001_10_M,22125001_10_M,Huesca,Huesca,ridge_direct,7,,0,True,False,False,6.0,7
e1_rr_22125001_10_M,22125001_10_M,Huesca,Huesca,sarima,7,,1,True,False,False,0.0,7
e1_rr_22125001_10_M,22125001_10_M,Huesca,Huesca,seasonal_naive,0,,7,False,False,True,6.0,7
e1_rr_22125001_10_M,22125001_10_M,Huesca,Huesca,stl_ridge_direct,0,,7,False,False,True,6.0,7
e1_rr_43004005_10_M,43004005_10_M,Alcanar Llar de Jubilats,Tarragona,hgb_direct,7,,0,True,False,False,12.0,7
e1_rr_43004005_10_M,43004005_10_M,Alcanar Llar de Jubilats,Tarragona,ridge_direct,7,,0,True,False,False,12.0,7
e1_rr_43004005_10_M,43004005_10_M,Alcanar Llar de Jubilats,Tarragona,sarima,7,,0,True,False,False,1.0,7
e1_rr_43004005_10_M,43004005_10_M,Alcanar Llar de Jubilats,Tarragona,seasonal_naive,0,,7,False,False,True,12.0,7
e1_rr_43004005_10_M,43004005_10_M,Alcanar Llar de Jubilats,Tarragona,stl_ridge_direct,0,,7,False,False,True,12.0,7
e1_rr_43004006_10_M,43004006_10_M,Alcanar Montecarlo,Tarragona,hgb_direct,7,0.0,0,True,False,False,34.0,7
e1_rr_43004006_10_M,43004006_10_M,Alcanar Montecarlo,Tarragona,ridge_direct,7,0.0,0,True,False,False,34.0,7
e1_rr_43004006_10_M,43004006_10_M,Alcanar Montecarlo,Tarragona,sarima,7,,0,True,False,False,1.0,7
e1_rr_43004006_10_M,43004006_10_M,Alcanar Montecarlo,Tarragona,seasonal_naive,0,0.0,7,False,False,True,34.0,7
e1_rr_43004006_10_M,43004006_10_M,Alcanar Montecarlo,Tarragona,stl_ridge_direct,0,0.0,7,False,False,True,34.0,7
e1_rr_44013007_10_M,44013007_10_M,Alcaniz Capuchinos,Teruel,hgb_direct,7,0.0,0,True,False,False,100.0,7
e1_rr_44013007_10_M,44013007_10_M,Alcaniz Capuchinos,Teruel,ridge_direct,7,0.0,0,True,False,False,100.0,7
e1_rr_44013007_10_M,44013007_10_M,Alcaniz Capuchinos,Teruel,sarima,7,,0,True,False,False,4.0,7
e1_rr_44013007_10_M,44013007_10_M,Alcaniz Capuchinos,Teruel,seasonal_naive,0,0.0,7,False,False,True,100.0,7
e1_rr_44013007_10_M,44013007_10_M,Alcaniz Capuchinos,Teruel,stl_ridge_direct,0,0.0,7,False,False,True,100.0,7
e1_rr_44216001_10_M,44216001_10_M,Teruel,Teruel,hgb_direct,7,,0,True,False,False,18.0,7
e1_rr_44216001_10_M,44216001_10_M,Teruel,Teruel,ridge_direct,7,,0,True,False,False,18.0,7
e1_rr_44216001_10_M,44216001_10_M,Teruel,Teruel,sarima,7,,0,True,False,False,0.0,7
e1_rr_44216001_10_M,44216001_10_M,Teruel,Teruel,seasonal_naive,0,,7,False,False,True,18.0,7
e1_rr_44216001_10_M,44216001_10_M,Teruel,Teruel,stl_ridge_direct,0,,7,False,False,True,18.0,7
e1_rr_45153999_10_M,45153999_10_M,San Pablo de los Montes,Toledo,hgb_direct,7,0.0,0,True,False,False,35.0,7
e1_rr_45153999_10_M,45153999_10_M,San Pablo de los Montes,Toledo,ridge_direct,7,0.0,0,True,False,False,35.0,7
e1_rr_45153999_10_M,45153999_10_M,San Pablo de los Montes,Toledo,sarima,7,,1,True,False,False,2.0,7
e1_rr_45153999_10_M,45153999_10_M,San Pablo de los Montes,Toledo,seasonal_naive,0,0.0,7,False,False,True,35.0,7
e1_rr_45153999_10_M,45153999_10_M,San Pablo de los Montes,Toledo,stl_ridge_direct,0,0.0,7,False,False,True,35.0,7
e1_rr_50008001_10_M,50008001_10_M,Alagon,Zaragoza,hgb_direct,7,0.0,0,True,False,False,24.0,7
e1_rr_50008001_10_M,50008001_10_M,Alagon,Zaragoza,ridge_direct,7,0.0,0,True,False,False,24.0,7
e1_rr_50008001_10_M,50008001_10_M,Alagon,Zaragoza,sarima,7,,0,True,False,False,1.0,7
e1_rr_50008001_10_M,50008001_10_M,Alagon,Zaragoza,seasonal_naive,0,0.0,7,False,False,True,24.0,7
e1_rr_50008001_10_M,50008001_10_M,Alagon,Zaragoza,stl_ridge_direct,0,0.0,7,False,False,True,24.0,7
e1_rr_daily,03014002_10_M,Elx-Agroalimentari,Alicante,hgb_direct,7,0.0,0,True,False,False,25.0,7
e1_rr_daily,03014002_10_M,Elx-Agroalimentari,Alicante,ridge_direct,7,0.0,0,True,False,False,25.0,7
e1_rr_daily,03014002_10_M,Elx-Agroalimentari,Alicante,sarima,0,,0,False,False,False,0.0,7
e1_rr_daily,03014002_10_M,Elx-Agroalimentari,Alicante,seasonal_naive,0,0.0,7,False,False,True,25.0,7
e1_rr_daily,03014002_10_M,Elx-Agroalimentari,Alicante,stl_ridge_direct,0,0.0,7,False,False,True,25.0,7
e1_rr_valencia_vivers,46250043_10_M,Valencia-Vivers,Valencia,hgb_direct,7,0.0,0,True,False,False,21.0,7
e1_rr_valencia_vivers,46250043_10_M,Valencia-Vivers,Valencia,ridge_direct,7,1.0,0,True,False,False,21.0,7
e1_rr_valencia_vivers,46250043_10_M,Valencia-Vivers,Valencia,sarima,0,,0,False,False,False,1.0,7
e1_rr_valencia_vivers,46250043_10_M,Valencia-Vivers,Valencia,seasonal_naive,0,0.0,7,False,False,True,21.0,7
e1_rr_valencia_vivers,46250043_10_M,Valencia-Vivers,Valencia,stl_ridge_direct,0,0.0,7,False,False,True,21.0,7
e1_rr_zarra_emep,46263999_10_M,Zarra-EMEP,Valencia,hgb_direct,7,0.0,0,True,False,False,21.0,7
e1_rr_zarra_emep,46263999_10_M,Zarra-EMEP,Valencia,ridge_direct,7,0.0,0,True,False,False,21.0,7
e1_rr_zarra_emep,46263999_10_M,Zarra-EMEP,Valencia,sarima,7,,1,True,False,False,0.0,7
e1_rr_zarra_emep,46263999_10_M,Zarra-EMEP,Valencia,seasonal_naive,0,0.0,7,False,False,True,21.0,7
e1_rr_zarra_emep,46263999_10_M,Zarra-EMEP,Valencia,stl_ridge_direct,0,0.0,7,False,False,True,21.0,7
